Ön Müþteri Aramasý: Kimlik,IVR Contact Key,IVR Durumu
a0b4G00000XzJ60,,
a0b4G00000XzJO3,,
a0b4G00000XzLx0,,
a0b4G00000XzN47,,
a0b4G00000XzNRQ,,
a0b4G00000XzTDU,,
a0b4G00000XzQzo,,
a0b4G00000XzTgV,,
a0b4G00000XzRfp,,
a0b4G00000XzSi1,,
a0b4G00000XzTFA,,
a0b4G00000XzTbk,,
a0b4G00000XzTjL,,
a0b4G00000XzRCE,,
a0b4G00000XzRom,,
a0b4G00000XzPVO,,
a0b4G00000XzUIA,,
a0b4G00000XzSxg,,
a0b4G00000XzTMG,,
a0b4G00000XzT63,,
a0b4G00000XzQsT,,
a0b4G00000XzKfy,,
a0b4G00000XzOWB,,
a0b4G00000XzQXk,,
a0b4G00000XzTDY,,
a0b4G00000XzQRI,,
a0b4G00000XzTgk,,
a0b4G00000XzTwE,,
a0b4G00000XzRNv,,
a0b4G00000XzMxV,,
a0b4G00000XzAvu,,
a0b4G00000XzQvm,,
a0b4G00000XzSsk,,
a0b4G00000XzTjF,,
a0b4G00000XzSx7,,
a0b4G00000XzToA,,
a0b4G00000XzU1x,,
a0b4G00000XzTfD,,
a0b4G00000XzUJ8,,
a0b4G00000XzMI8,,
a0b4G00000XzICa,,
a0b4G00000XzQFM,,
a0b4G00000XzPVE,,
a0b4G00000XzQJP,,
a0b4G00000XzQgh,,
a0b4G00000XzTNT,,
a0b4G00000XzUAk,,
a0b4G00000XzOzh,,
a0b4G00000XzRC9,,
a0b4G00000XzSRa,,
a0b4G00000XzU1n,,
a0b4G00000XzLUr,,
a0b4G00000XzHCy,,
a0b4G00000XzGSR,,
a0b4G00000XzPVx,,
a0b4G00000XzPxc,,
a0b4G00000XzPze,,
a0b4G00000XzQpP,,
a0b4G00000XzR0c,,
a0b4G00000XzR4e,,
a0b4G00000XzSLW,,
a0b4G00000XzUDz,,
a0b4G00000XzU9X,,
a0b4G00000XzGp6,,
a0b4G00000XzTFf,,
a0b4G00000XzUH2,,
a0b4G00000XzNaD,,
a0b4G00000XzDpE,,
a0b4G00000XzFXR,,
a0b4G00000XzPy1,,
a0b4G00000XzQ2c,,
a0b4G00000XzQ6F,,
a0b4G00000XzQ4n,,
a0b4G00000XzQNz,,
a0b4G00000XzQXB,,
a0b4G00000XzQxj,,
a0b4G00000XzR3q,,
a0b4G00000XzRO0,,
a0b4G00000XzRLL,,
a0b4G00000XzRdZ,,
a0b4G00000XzSIy,,
a0b4G00000XzTDJ,,
a0b4G00000XzTd2,,
a0b4G00000XzTz3,,
a0b4G00000XzU1s,,
a0b4G00000XzUI5,,
a0b4G00000XzJWH,,
a0b4G00000XzJYh,,
a0b4G00000XzPkJ,,
a0b4G00000XzS3I,,
a0b4G00000XzPuO,,
a0b4G00000XzQ9Y,,
a0b4G00000XzSAE,,
a0b4G00000XzSiq,,
a0b4G00000XzTAA,,
a0b4G00000XzTEl,,
a0b4G00000XzTEg,,
a0b4G00000XzTMa,,
a0b4G00000XzTSJ,,
a0b4G00000XzTpm,,
a0b4G00000XzU7S,,
a0b4G00000XzUBo,,
a0b4G00000XzKuF,,
a0b4G00000XzLhg,,
a0b4G00000XzLoc,,
a0b4G00000XzLyD,,
a0b4G00000XzLsU,,
a0b4G00000XzM91,,
a0b4G00000XzMTL,,
a0b4G00000XzMXh,,
a0b4G00000XzMiz,,
a0b4G00000XzO6E,,
a0b4G00000XzOfw,,
a0b4G00000XzQ1A,,
a0b4G00000XzRdj,,
a0b4G00000XzNu3,,
a0b4G00000XzNvp,,
a0b4G00000XzPyf,,
a0b4G00000XzRau,,
a0b4G00000XzRSb,,
a0b4G00000XzSyJ,,
a0b4G00000XzQRD,,
a0b4G00000XzS1H,,
a0b4G00000XzSWt,,
a0b4G00000XzTVO,,
a0b4G00000XzKuo,,
a0b4G00000XzLbE,,
a0b4G00000XzLbx,,
a0b4G00000XzM3S,,
a0b4G00000XzM9B,,
a0b4G00000XzMDm,,
a0b4G00000XzMDr,,
a0b4G00000XzMMe,,
a0b4G00000XzMKd,,
a0b4G00000XzMTa,,
a0b4G00000XzMlK,,
a0b4G00000XzMcN,,
a0b4G00000XzNKo,,
a0b4G00000XzNTM,,
a0b4G00000XzNUV,,
a0b4G00000XzNYW,,
a0b4G00000XzNn7,,
a0b4G00000XzNqa,,
a0b4G00000XzNvg,,
a0b4G00000XzOAy,,
a0b4G00000XzOBS,,
a0b4G00000XzOfr,,
a0b4G00000XzOa3,,
a0b4G00000XzOqk,,
a0b4G00000XzP7v,,
a0b4G00000XzP93,,
a0b4G00000XzPUp,,
a0b4G00000XzPfV,,
a0b4G00000XzPnI,,
a0b4G00000XzQ6j,,
a0b4G00000XzQrB,,
a0b4G00000XzQsJ,,
a0b4G00000XzR0w,,
a0b4G00000XzR29,,
a0b4G00000XzR2J,,
a0b4G00000XzR9U,,
a0b4G00000XzRJ0,,
a0b4G00000XzRR4,,
a0b4G00000XzRhM,,
a0b4G00000XzS6C,,
a0b4G00000XzSEV,,
a0b4G00000XzSMK,,
a0b4G00000XzTMM,,
a0b4G00000XzTr4,,
a0b4G00000XzU5Q,,
a0b4G00000XzUEw,,
a0b4G00000XzL1Q,,
a0b4G00000XzP27,,
a0b4G00000XzQEp,,
a0b4G00000XzU0G,,
a0b4G00000XzU27,,
a0b4G00000XzHAs,,
a0b4G00000XzUK2,,
a0b4G00000XzPMh,,
a0b4G00000XzPUL,,
a0b4G00000XzSUO,,
a0b4G00000XzFn3,,
a0b4G00000XzFu0,,
a0b4G00000XzG4y,,
a0b4G00000XzGA9,,
a0b4G00000XzGJ7,,
a0b4G00000XzGd0,,
a0b4G00000XzGlT,,
a0b4G00000XzFPv,,
a0b4G00000XzFka,,
a0b4G00000XzGw7,,
a0b4G00000XzIri,,
a0b4G00000XzJC2,,
a0b4G00000XzJJc,,
a0b4G00000XzJnI,,
a0b4G00000XzJlv,,
a0b4G00000XzKBF,,
a0b4G00000XzLl9,,
a0b4G00000XzMk8,,
a0b4G00000XzNMV,,
a0b4G00000XzOwO,,
a0b4G00000XzPuJ,,
a0b4G00000XzQAl,,
a0b4G00000XzQit,,
a0b4G00000XzSJ1,,
a0b4G00000XzIhi,,
a0b4G00000XzJKk,,
a0b4G00000XzPMM,,
a0b4G00000XzFSu,,
a0b4G00000XzFTn,,
a0b4G00000XzHJC,,
a0b4G00000XzN8x,,
a0b4G00000XzFcC,,
a0b4G00000XzGJ0,,
a0b4G00000XzGmt,,
a0b4G00000XzGkL,,
a0b4G00000XzG1B,,
a0b4G00000XzGld,,
a0b4G00000XzI7v,,
a0b4G00000XzIqf,,
a0b4G00000XzJnY,,
a0b4G00000XzOmx,,
a0b4G00000XzPZu,,
a0b4G00000XzPan,,
a0b4G00000XzQ6P,,
a0b4G00000XzRE0,,
a0b4G00000XzG2k,,
a0b4G00000XzGGH,,
a0b4G00000XzHID,,
a0b4G00000XzJFu,,
a0b4G00000XzJTc,,
a0b4G00000XzJyv,,
a0b4G00000XzJs9,,
a0b4G00000XzFhx,,
a0b4G00000XzG4G,,
